application_id,name,email,phone,school,major,occ_student_id,age,iota_xi_member,shirt_size,accessibility_or_dietary_needs,extra_credit_classes,first_choice_track,rank_entertainment,rank_education,rank_productivity,status,attendance,checked_in_at,average_score,review_count,assigned_reviewer,tags,submitted_at,started_at,agreed_to_eligibility,email_opt_in
"044e01d2-ac90-4eda-aec8-ec26750942ee","Darshan Bala","dsbala@uci.edu","(949) 880-6599","UC Irvine","Software Engineering",,"20","no","xl","N/a","","education","3","1","2","submitted","pending",,,"0",,"","2026-09-16T21:52:05.822+00:00","2026-09-16T21:51:05.745194+00:00","yes","yes"
"2b3ba81e-fc90-47df-97d4-ae23187beef8","Maximiliano Garcia","max.j.garciag@gmail.com","(650) 609-0600","UC Irvine","Economics",,"20","no","l",,"","education","2","1","3","submitted","pending",,,"0",,"","2026-09-16T21:51:05.114+00:00","2026-09-16T21:49:57.652538+00:00","yes","yes"
"c153cf1c-42d4-47ec-9b54-f382624f070e","Robbie Lazaro","robbielaz273@gmail.com","(714) 227-7424","Orange Coast College","Python","C03070073","22","no","m","quiet space (not sure)","","entertainment","1","2","3","submitted","pending",,,"0",,"","2026-09-16T21:44:48.828+00:00","2026-09-16T21:29:28.050545+00:00","yes","yes"
"2614b525-10bc-4be0-9d74-ac2e5a23f73b","Jeff Enriquez","jeffe@uci.edu",,"UC Irvine","Software Engineering",,"31","no","l",,"","productivity","3","2","1","submitted","pending",,,"0",,"","2026-09-16T17:17:13.018+00:00","2026-09-16T17:15:41.877623+00:00","yes","yes"
"2475fc97-1b24-4d98-847f-6e795c751dd7","Theo Myo","theomax081@gmail.com","(213) 636-7070","Pasadena City College","Health Science",,"22","no","l",,"","productivity","3","2","1","submitted","pending",,,"0",,"","2026-09-16T16:04:35.745+00:00","2026-09-16T16:02:40.681112+00:00","yes","yes"
"e51bdfa4-82c8-473f-ba88-af74045a7085","Asher Ya Sheng Chok","asherchok@gmail.com","(725) 300-5969","UC Irvine","Software Engineering",,"27","no","l","N/A","","productivity","3","2","1","submitted","pending",,,"0",,"","2026-09-16T10:08:35.904+00:00","2026-09-16T10:06:49.681624+00:00","yes","yes"
"4f768e62-8893-4ec8-ab4c-f7cc2fa855ab","David Nguyen","handsomed70@gmail.com",,"Orange Coast College","Computer Science","3147035","18","no","m",,"CS A250 C++ 2","entertainment","1","3","2","submitted","pending",,,"0",,"","2026-09-16T09:29:04.568+00:00","2026-09-01T23:12:22.469241+00:00","yes","yes"
"db152d75-82f6-47ea-b6cb-b9b0bed205cc","Matthew Garcia","mattg10@uci.edu","(714) 351-4841","UC Irvine","Software Engineering",,"22","no","l",,"","productivity","3","2","1","submitted","pending",,,"0",,"","2026-09-16T06:34:37.209+00:00","2026-09-16T06:33:50.418109+00:00","yes","yes"
"125bd118-e0da-40a0-80a7-5dae5e030161","Max Kononov","iserdnsmaksim@gmail.com","(323) 775-2849","Orange Coast College","Computer Science","C03206023","21","no","m",,"CS A170 Java 1","entertainment","1","2","3","submitted","pending",,,"0",,"","2026-09-16T03:04:35.797+00:00","2026-09-16T02:58:51.122662+00:00","yes","yes"
"99ee10a4-f632-49f5-b39f-8cdd663307ae","Jehu Marquez","jehumarquez58@gmail.com","(714) 659-8869","Orange Coast College","Computer Science","C02983788","23","no","m","no","","entertainment","1","2","3","submitted","pending",,,"0",,"","2026-09-16T01:46:05.089+00:00","2026-09-16T01:37:35.63598+00:00","yes","yes"
"cfd1538c-f4a7-4b8d-8e5f-a106d1382443","David Issa","25issadavid@gmail.com","(949) 400-2092","Irvine Valley College","Electrical Engineering",,"19","no","l",,"","education","3","1","2","submitted","pending",,,"0",,"","2026-09-15T21:44:09.124+00:00","2026-09-15T21:42:24.956732+00:00","yes","yes"
"fb645156-eb3a-4fb3-96ed-de16941eb76a","Frida Adame Ramirez","fadameramirez@student.cccd.edu","(956) 680-8920","Orange Coast College","Computer Science","C03205490","19","no","xs",,"CS A250 C++ 2","entertainment","1","3","2","submitted","pending",,,"0",,"","2026-09-15T21:35:00.499+00:00","2026-09-15T21:32:01.234598+00:00","yes","yes"
"542e1a31-380d-4bf0-a476-0edac9bac793","Tracy Vu","tvu514@student.cccd.edu",,"Orange Coast College","Computer Science","C03036909","19","no","s",,"CS A250 C++ 2","education","2","1","3","submitted","pending",,,"0",,"","2026-09-15T21:35:00.22+00:00","2026-09-15T21:31:29.512302+00:00","yes","yes"
"99ded1dd-f97b-49e5-ae9b-798560d1464d","Mansoor Alhameli","malhameli2@student.cccd.edu","(949) 795-6702","Orange Coast College","Computer Science","C03223721","19","no","m","i don't eat pork Bacon lard anything that has pig in it i don't consume and also i don't consume any drugs or alcohol. since it goes against my beliefs and religion","CS A170 Java 1","education","2","1","3","submitted","pending",,,"0",,"","2026-09-15T21:34:13.486+00:00","2026-09-15T21:31:18.430163+00:00","yes","yes"
"61a3fad9-81f0-4a8c-ace4-301f461b4968","Andrew Taylor","ataylor146@student.cccd.edu","(714) 492-5900","Orange Coast College","Computer Science","C02998078","21","no","l",,"","entertainment","1","2","3","submitted","pending",,,"0",,"","2026-09-15T20:32:13.201+00:00","2026-09-15T20:30:15.640859+00:00","yes","yes"
"0807dbe6-5baa-4d7d-a646-a8c463e1ac6d","Quoc Thien An Bui","cardlord8@gmail.com",,"Orange Coast College","Computer Science","C03229834","19","no","l",,"CS A200 Data Structures","entertainment","1","2","3","submitted","pending",,,"0",,"","2026-09-15T18:20:33.699+00:00","2026-09-15T18:17:31.823913+00:00","yes","yes"
"4c9c3304-b5eb-4c95-a2a4-22446d57df8b","Tuan Nguyen","hongtuan94usa@gmail.com","(714) 548-1675","Orange Coast College","Computer software engineering","C02210063","35","no","l","No","","entertainment","1","3","2","submitted","pending",,,"0",,"","2026-09-15T18:18:39.481+00:00","2026-09-15T18:15:41.315999+00:00","yes","yes"
"a8ab8278-762b-40ad-a7b7-a58dd105223e","Josua Tjiauw","tjiauwj675@csu.fullerton.edu","(949) 463-8518","CSU Fullerton","Computer Science",,"27","no","l","N/A","","productivity","2","3","1","submitted","pending",,,"0",,"","2026-09-15T00:58:19.339+00:00","2026-09-15T00:56:19.417458+00:00","yes","yes"
"7179ffba-a259-42fb-b78e-a14e77d6597b","Kristy Han","khan24@student.cccd.edu",,"Orange Coast College","Film & Media Studies","C03086759","22","no","s","no","","productivity","2","3","1","submitted","pending",,,"0",,"","2026-09-14T22:55:03.155+00:00","2026-09-14T22:51:26.88135+00:00","yes","yes"
"46e2ae42-d24f-4241-9c83-7b4683f948f8","Ethan Tarrosa","ethandeetee@gmail.com",,"Orange Coast College","Computer Science","C03058981","22","no","m",,"CS A220 Software Engineering","productivity","3","2","1","submitted","pending",,,"0",,"","2026-09-14T18:37:28.283+00:00","2026-09-14T18:35:05.846346+00:00","yes","yes"
"b648f1cb-1e1f-4203-a513-5b4b70e9795a","Alejandro Cruz","acruz100@student.cccd.edu",,"Orange Coast College","Computer Engineering","C02579677","26","no","l",,"","education","3","1","2","submitted","pending",,,"0",,"","2026-09-13T18:15:14.582+00:00","2026-09-13T18:13:40.362611+00:00","yes","yes"
"c14a33df-76e9-4892-91b8-2b153047cbd6","payton johncour","djohncour@student.cccd.edu","(919) 618-6744","Orange Coast College","Computer Engineering","C03103088","29","yes","l","No","","education","3","1","2","submitted","pending",,,"0",,"","2026-09-13T14:27:30.943+00:00","2026-09-13T14:25:32.664129+00:00","yes","yes"
"d3127d4b-fceb-4c2b-a4dd-acc4a8a9ca28","Junhwan Seok","seok626898@gmail.com","(657) 749-4833","westcliff","Software Engineering",,"24","no","m",,"","productivity","3","2","1","submitted","pending",,,"0",,"","2026-09-12T18:33:51.036+00:00","2026-09-12T18:29:28.090045+00:00","yes","yes"
"ccd5e734-5344-49c2-a14c-695e236d177c","yoonjoo cheong","yoonjuchloe0428@gmail.com","(714) 397-1399","Kookmin university","Software Engineering",,"22","no","m","Nothing","","education","3","1","2","submitted","pending",,,"0",,"","2026-09-12T18:20:21.069+00:00","2026-09-12T18:07:25.496474+00:00","yes","yes"
"26aea21f-e369-4db7-9b91-be0e873a6408","Minhye Kim","alice1114sk@gmail.com","(949) 302-7472","Kookmin university","UX / Interaction Design",,"20","no","l",,"","productivity","3","2","1","submitted","pending",,,"0",,"","2026-09-12T18:17:52.77+00:00","2026-09-12T18:15:48.968127+00:00","yes","yes"
"d103bcb8-d4e5-46b1-a42c-219c18bc5857","subin jeon","jsubin2004@gmail.com","(657) 767-3591","kookmin university","Software Engineering",,"21","no","m","allergies to banana","","entertainment","1","2","3","submitted","pending",,,"0",,"","2026-09-12T18:06:08.788+00:00","2026-09-12T18:03:23.951601+00:00","yes","yes"
"90a7d2f6-1ff5-41ed-965c-abaeeed6bd3e","Quy Pham","phamkimquybh@gmail.com","(172) 020-3987","Orange Coast College","Electrical Engineering","C03179765","20","yes","xl",,"CS A250 C++ 2","productivity","2","3","1","submitted","pending",,,"0",,"","2026-09-12T06:24:06.369+00:00","2026-09-12T06:22:13.022382+00:00","yes","yes"
"752163a1-884c-4376-87e5-608fcb20216c","Zhibek Ryspekova","jibekcoding@gmail.com",,"Santa Ana College","Political Science",,"20","no","l","No","","productivity","2","3","1","submitted","pending",,,"0",,"","2026-09-11T03:01:52.97+00:00","2026-09-11T02:57:28.271143+00:00","yes","yes"
"e3cb85d1-cfe8-4f5b-8ce8-fb0f846a2945","Isaiyah Escobedo","isaiyah@isaiyahescobedo.com",,"Crafton Hills College","Computer Science",,"20","no","l",,"","education","2","1","3","submitted","pending",,,"0",,"","2026-09-09T20:25:25.054+00:00","2026-09-09T20:23:40.099492+00:00","yes","yes"
"5d0ede2a-c1df-400a-8e99-b18bf333f5af","Takumi Naito","tnaito@student.cccd.edu","(949) 775-7686","Orange Coast College","Computer Science","C03165988","20","no","l",,"CS A250 C++ 2","education","3","1","2","submitted","pending",,,"0",,"","2026-09-08T22:12:47.689+00:00","2026-09-08T22:10:36.99802+00:00","yes","yes"
"7ec82a22-0d6c-4642-8650-3b98c365ad25","Tri Trinh","ttrinh158@student.cccd.edu","(714) 468-9473","Orange Coast College","Computer Science","C03142483","23","yes","m",,"CS A250 C++ 2","entertainment","1","3","2","submitted","pending",,,"0",,"","2026-09-07T09:49:30.697+00:00","2026-09-05T17:58:52.815806+00:00","yes","yes"
"fee08e75-0662-4d8e-a7fc-795d3c5e01e8","Belqars Maryem","maryeme.ljadida.belqars@gmail.com",,"Orange Coast College","Computer Engineering",,"19","no","l",,"CS A200 Data Structures","productivity","3","2","1","submitted","pending",,,"0",,"","2026-09-07T09:48:45.77+00:00","2026-09-07T09:44:17.986341+00:00","yes","yes"
"f3709617-d2f9-4ba5-a4a0-8da45ae29a0b","An Nguyen","anphuongnhi11234@gmail.com","(171) 454-8161","CSU Fullerton","Computer Science",,"21","no","xl",,"","education","3","1","2","submitted","pending",,,"0",,"","2026-09-05T06:53:10.947+00:00","2026-09-05T06:52:09.151158+00:00","yes","yes"
"19938f06-c2bb-4e6b-9710-f09590e59b26","Barezi Morales","bmorales39@student.cccd.edu","(714) 425-3780","Orange Coast College","Computer Science","C02695639","28","no","m","n/a","CS A250 C++ 2","entertainment","1","3","2","submitted","pending",,,"0",,"","2026-09-04T03:39:46.881+00:00","2026-09-04T03:25:18.866672+00:00","yes","yes"
"cb6aaa56-6b0d-4a77-97dc-12b842be959d","Johny Hsieh","johnnyhsieh0203@gmail.com",,"Mt. San Antonio College","Computer Engineering",,"18","no","m",,"","education","3","1","2","submitted","pending",,,"0",,"","2026-09-04T00:07:40.744+00:00","2026-09-04T00:05:40.78886+00:00","yes","yes"
"84a6d64c-8269-442d-b2cd-9c66d5f60f4a","Emmie Guerrero","guerreroem20@gmail.com","(714) 804-4647","Orange Coast College","Computer Engineering","C02893472","24","no","xl","quiet space","CS A250 C++ 2","productivity","3","2","1","submitted","pending",,,"0",,"","2026-09-03T18:25:41.195+00:00","2026-09-03T18:23:03.967525+00:00","yes","yes"
"50abffc9-c1e6-4c04-8284-d9ccb50e99fb","Andrew Luu","trieu.luuhoaius@gmail.com","(714) 420-8817","Orange Coast College","Computer Science","C03083452","25","no","l",,"","productivity","2","3","1","submitted","pending",,,"0",,"","2026-09-03T18:19:09.567+00:00","2026-09-03T18:18:08.013106+00:00","yes","yes"
"478115c0-dda1-4dcc-a017-a45a62170afe","Leif Kelly","dekelly2@gmail.com","(831) 428-9133","Orange Coast College","Animation","C03018499","27","no","xxl",,"CS A250 C++ 2","entertainment","1","3","2","submitted","pending",,,"0",,"","2026-09-03T18:15:53.062+00:00","2026-09-03T18:13:23.089507+00:00","yes","yes"
"1a0900c7-e9ef-47c6-bd96-989e757a7e04","Aaron Cao","aarontac185@gmail.com",,"Golden West College","Data Science","C02991786","19","no","xl",,"","education","2","1","3","submitted","pending",,,"0",,"","2026-09-03T10:28:39.402+00:00","2026-09-03T10:27:08.946464+00:00","yes","yes"
"4676dbfd-982c-4f0e-aadd-4d38b241de70","Bao Nguyen","24bnguyen18@gmail.com","(657) 626-4083","UC Los Angeles","Mechanical Engineering","C03126266","20","no","l",,"","entertainment","1","2","3","submitted","pending",,,"0",,"","2026-09-03T07:18:33.193+00:00","2026-09-03T06:34:45.161399+00:00","yes","yes"
"d9c325bc-acea-4013-b024-9e8254e8c2c9","pearly huynh","pearlyhn5@gmail.com","(657) 348-4385","Orange Coast College","Data Science","C03124159","18","no","s",,"CS A250 C++ 2","education","3","1","2","submitted","pending",,,"0",,"","2026-09-02T18:03:14.233+00:00","2026-09-02T18:01:12.247377+00:00","yes","yes"
"8a3f8de4-e5c7-4e6f-a5ff-e00ee72435de","Katelynn Truong","ktruong133@student.cccd.edu","(714) 376-1136","Orange Coast College","Electrical Engineering","C03002040","22","no","m",,"","entertainment","1","3","2","submitted","pending",,,"0",,"","2026-09-02T02:52:07.303+00:00","2026-09-02T02:48:35.66629+00:00","yes","yes"
"cd94d2be-1112-4e68-bfd5-15abf3e6dc70","Nico Zuniga","mzuniga23@student.cccd.edu","(562) 284-3051","Orange Coast College","Computer Science","C03129973","20","no","s",,"CS A170 Java 1","entertainment","1","3","2","submitted","pending",,,"0",,"","2026-09-01T21:30:15.336+00:00","2026-09-01T21:28:53.68771+00:00","yes","yes"
"055ff5ef-2c45-4e86-9cac-411cf3e3aeb6","Charles Chwalowski","chwalowskicharlie@gmail.com","(858) 345-7133","Orange Coast College","Computer Science","C03097420","25","yes","l",,"","productivity","3","2","1","submitted","pending",,,"0",,"","2026-08-30T20:31:25.631+00:00","2026-08-30T20:30:09.398984+00:00","yes","yes"
"ae94d9af-ec72-4091-b7ea-9bb2d24c71af","Ha Nam Le","lehanam14923@gmail.com",,"Orange Coast College","Mechanical Engineering","C03115388","23","no","l","No","","education","3","1","2","submitted","pending",,,"0",,"","2026-08-28T00:21:59.921+00:00","2026-08-28T00:20:50.190337+00:00","yes","yes"
"940322f8-2627-49db-8e1a-6eb1f7c49593","Jackson Wind","jackwind53@gmail.com","(949) 500-8239","Orange Coast College","Computer Science","C03120271","26","no","l",,"CS A250 C++ 2","education","2","1","3","submitted","pending",,,"0",,"","2026-08-27T18:40:53.243+00:00","2026-08-26T21:25:19.102258+00:00","yes","yes"
"8cc0b03f-0e76-4526-82ea-a8dd716eeeb9","Dominick Du Nguyen","dnguyen1959@student.cccd.edu","(657) 565-0595","Orange Coast College","Computer Science","C03120079","20","no","xl",,"","entertainment","1","3","2","submitted","pending",,,"0",,"","2026-08-26T21:27:06.726+00:00","2026-08-26T21:25:30.256542+00:00","yes","yes"
"7023b7f6-8b8a-4524-b3a4-7282c29e0dab","Huy Doan","hdoan71@student.cccd.edu","(714) 936-8484","Orange Coast College","Computer Science","C03185806","21","no","l",,"CS A170 Java 1","education","2","1","3","submitted","pending",,,"0",,"","2026-08-26T19:52:51.646+00:00","2026-08-26T19:52:06.936039+00:00","yes","yes"
"6dcbb192-4a76-4366-b56d-9ad1cd557a85","Ho Dang Khoi Nguyen","knguyen1999@student.cccd.edu",,"Orange Coast College","Computer Science","C03083538","27","no","m","no","","entertainment","1","2","3","submitted","pending",,,"0",,"","2026-08-26T19:48:59.822+00:00","2026-08-26T19:45:21.705786+00:00","yes","yes"
"e99f0756-4dca-47bb-b8de-fa631c10ce85","Thien Tran","ttran1869@student.cccd.edu","(165) 724-6796","Orange Coast College","Computer Science","03082950","21","no","m",,"CS A250 C++ 2","productivity","2","3","1","submitted","pending",,,"0",,"","2026-08-26T09:28:14.273+00:00","2026-08-26T09:19:15.599733+00:00","yes","yes"
"410978cc-8c65-41c2-90c8-0861adae866f","Minh Le","minhle0705@g.ucla.edu",,"UC Los Angeles","Computer Science",,"21","yes","l",,"","entertainment","1","2","3","submitted","pending",,,"0",,"","2026-08-26T03:52:39.834+00:00","2026-08-26T03:51:24.146427+00:00","yes","yes"
"a227017c-f0d6-42e5-b909-c24895df22b3","Kehan Yu","tcfinoadzeyu@gmail.com",,"Orange Coast College","Mechanical Engineering","C03211056","19","no","l","None","","entertainment","1","2","3","submitted","pending",,,"0",,"","2026-08-25T20:21:10.405+00:00","2026-08-25T20:20:47.421119+00:00","yes","yes"
"c8773efb-7bc4-4be7-99b7-3ce5f501a40c","May Thet Hnin","mhnin1@student.cccd.edu","(194) 961-0973","Orange Coast College","Computer Science","C03138873","20","no","s",,"","education","2","1","3","submitted","pending",,,"0",,"","2026-08-25T20:09:41.858+00:00","2026-08-25T20:07:47.841011+00:00","yes","yes"
"0acd4e34-c2c2-4a4c-b66b-12113ee6211e","Ye Yint Thway","ythway@student.cccd.edu","(657) 421-7222","Orange Coast College","Computer Science","C03138443","20","no","s",,"","entertainment","1","3","2","submitted","pending",,,"0",,"","2026-08-25T20:09:17.255+00:00","2026-08-25T20:08:04.384601+00:00","yes","yes"
"da32d889-4fb6-43e3-afbd-11e9dda2e700","Maximus Keegan","maxxakeegan@gmail.com","(714) 330-5693","Orange Coast College","Computer Engineering","C03120494","20","no","m",,"","productivity","2","3","1","submitted","pending",,,"0",,"","2026-08-25T17:34:20.587+00:00","2026-08-25T17:32:23.49789+00:00","yes","yes"
"09e44608-e9c4-486c-8fc8-7ebc5c5d31c6","Dang Tuong Nguyen","dnguyen2075@student.cccd.edu",,"Orange Coast College","Electrical Engineering","C03188148","18","no","m",,"","entertainment","1","2","3","submitted","pending",,,"0",,"","2026-08-24T23:58:23.989+00:00","2026-08-24T23:44:59.085185+00:00","yes","yes"
"7c935fee-948c-42b6-8d4a-e7f70adf5c0d","Phone Myat Min","phonemyatmin949@gmail.com","(949) 731-9321","Orange Coast College","Computer Science","C03098070","21","no","l",,"CS A220 Software Engineering","entertainment","1","3","2","submitted","pending",,,"0",,"","2026-08-24T23:43:58.082+00:00","2026-08-24T23:41:35.833381+00:00","yes","yes"
"f825a404-3399-4013-a53f-8e2ead477989","Stephanie Noe","khinemyatnoe.48@gmail.com",,"CSU Long Beach","Computer Science",,"19","no","m",,"","education","2","1","3","submitted","pending",,,"0",,"","2026-08-24T23:42:52.499+00:00","2026-08-24T23:40:11.764243+00:00","yes","no"
"8afb5fed-505c-4343-b04f-ab82e2c3efce","Eric","envn001@gmail.com",,"Orange Coast College","Computer Science",,"17","yes","xl",,"CS A220 Software Engineering","education","2","1","3","submitted","pending",,,"0",,"","2026-08-24T23:00:02.723+00:00","2026-08-11T23:58:14.823442+00:00","yes","yes"
"bf5c2d18-3752-4b8c-bfef-bbab6e2b4dbc","Ben Tang","ttang62@student.cccd.edu",,"Orange Coast College","Computer Science",,"19","yes","m",,"",,,,,"draft","pending",,,"0",,"",,"2026-09-05T07:04:40.297987+00:00","no","no"
"1b35cce1-7211-4878-a15c-a6472cf6ec07","Mi Pham","mipham0299@gmail.com",,"Orange Coast College","Computer Science","C0","17","",,,"",,,,,"draft","pending",,,"0",,"",,"2026-09-01T21:28:54.341675+00:00","no","no"
"9078a35b-5a9e-4f94-824c-adfda60adda2","Daniel Meador","meadordaniel02@gmail.com","(909) 247-8218","Orange Coast College","Computer Science","C03214045","24","no","xxl",,"","entertainment","1","2","3","draft","pending",,,"0",,"",,"2026-09-16T21:26:53.08557+00:00","yes","yes"
"3b9be96c-4371-4dfc-b1c1-2f343bbdffff","Anna Babichenko","ababichen@gmail.com","(949) 698-2862","CSU Fullerton","Computer Science","C02826423","21","no","s","no pork, please have captioning on for videos played","","education","3","1","2","draft","pending",,,"0",,"",,"2026-09-02T22:55:39.258857+00:00","yes","yes"
"5249ba37-661c-41ff-978b-ceaf221f4038",,"utran46@student.cccd.edu",,,,,"17","",,,"",,,,,"draft","pending",,,"0",,"",,"2026-09-06T00:05:36.192884+00:00","no","no"
"341fd333-339d-44e8-914c-dc443f63deab","Jacen Nguyen","jacen18forever@gmail.com","(657) 296-8805","Orange Coast College","Electrical Engineering","C02674676","21","no","l",,"CS A250 C++ 2","entertainment","1","2","3","draft","pending",,,"0",,"",,"2026-09-03T06:46:09.283898+00:00","yes","yes"
"5c28a2a8-df2f-40b8-8b44-b725001b507b","Diana Kim","dkim244@student.cccd.edu","(657) 754-9205","Orange Coast College","Computer Science","C03155413","19","no","s",,"CS A220 Software Engineering",,,,,"draft","pending",,,"0",,"",,"2026-08-29T21:02:53.550382+00:00","no","no"
"e5e8a271-ebe9-4499-b894-230f444fa472","Zhonghao Chen","zchen29@student.cccd.edu","(657) 566-3415","UC Irvine","Computer Science","C03243322","17","no","xl",,"CS A170 Java 1","entertainment","1","3","2","draft","pending",,,"0",,"",,"2026-09-15T21:31:41.794611+00:00","yes","yes"
"c89054d1-06ad-4988-8f5f-8779e49ecb0e","Truong Nhat Yen Vo","nvo130@student.cccd.edu",,"Orange Coast College","Economics","C03170553","20","",,,"",,,,,"draft","pending",,,"0",,"",,"2026-09-16T21:26:37.559621+00:00","no","no"
